date,open,high,low,close,volume,prev_closing_price
2017-12-18,28.3,28.3,27.0,27.1,9188991,0.0
2017-12-19,27.1,27.8,27.1,27.5,2943168,27.1
2017-12-20,27.9,28.0,26.2,26.4,6235189,27.5
2017-12-21,26.5,26.5,25.3,25.7,2725062,26.4
2017-12-24,25.6,25.8,24.4,24.6,1590817,25.7
2017-12-26,25.0,27.0,25.0,27.0,4284361,24.6
2017-12-27,27.3,27.3,25.3,25.9,2409785,27.0
2017-12-28,26.1,26.7,24.9,25.1,3392511,25.9
2018-01-01,25.5,25.6,24.9,25.0,2660451,25.1
2018-01-02,25.2,25.4,24.9,25.1,1892014,25.0
2018-01-03,25.3,25.4,24.8,25.0,2350723,25.1
2018-01-04,25.1,25.2,24.6,24.7,2034163,25.0
2018-01-07,24.8,24.9,24.3,24.4,2960359,24.7
2018-01-08,24.5,24.5,23.4,23.5,5723917,24.4
2018-01-09,23.7,23.8,22.5,22.7,3947839,23.5
2018-01-10,22.7,22.8,20.6,20.9,10031431,22.7
2018-01-11,0.0,0.0,0.0,20.9,0,20.9
2018-01-14,16.5,16.8,15.8,16.1,4822086,20.9
2018-01-15,16.2,16.3,15.7,15.8,1358655,16.1
2018-01-16,15.9,16.2,15.6,16.1,2505982,15.8
2018-01-17,16.1,16.3,15.6,15.7,1079019,16.1
2018-01-18,15.8,15.8,15.4,15.4,1069009,15.7
2018-01-21,15.6,15.7,15.3,15.4,730781,15.4
2018-01-22,15.4,15.6,15.1,15.2,1266653,15.4
2018-01-23,15.3,15.4,14.9,15.0,1245235,15.2
2018-01-24,15.1,16.2,14.9,15.7,3704588,15.0
2018-01-25,15.7,15.9,15.3,15.6,1598659,15.7
2018-01-28,15.6,15.6,15.0,15.2,1080900,15.6
2018-01-29,15.2,15.5,15.1,15.2,1425794,15.2
2018-01-30,15.3,15.4,15.0,15.0,824049,15.2
2018-01-31,15.2,15.3,14.5,14.7,2450585,15.0
2018-02-01,14.9,15.0,14.6,14.7,1107245,14.7
2018-02-04,14.7,14.7,13.8,13.9,1598562,14.7
2018-02-05,14.2,14.2,13.5,13.8,1405529,13.9
2018-02-06,13.9,14.1,13.8,13.9,1124622,13.8
2018-02-07,13.9,13.9,13.6,13.7,1169122,13.9
2018-02-08,13.7,13.7,13.4,13.5,1382327,13.7
2018-02-11,13.7,14.2,13.6,14.1,2079166,13.5
2018-02-12,14.3,14.3,13.8,13.9,1543251,14.1
2018-02-13,14.0,14.0,13.7,13.9,1595201,13.9
2018-02-14,14.0,15.0,14.0,14.6,2268378,13.9
2018-02-15,14.7,14.8,14.3,14.4,1703383,14.6
2018-02-18,14.4,14.5,13.8,14.0,1828960,14.4
2018-02-19,14.0,14.2,13.8,13.8,1085961,14.0
2018-02-20,13.9,14.2,13.6,13.7,941142,13.8
2018-02-22,14.0,14.0,13.6,13.7,606719,13.7
2018-02-25,13.8,13.9,13.5,13.6,872302,13.7
2018-02-26,13.5,13.7,13.2,13.3,1016285,13.6
2018-02-27,13.4,13.7,13.2,13.3,885368,13.3
2018-02-28,13.4,13.6,13.1,13.2,994990,13.3
2018-03-01,13.2,13.5,13.2,13.4,816726,13.2
2018-03-04,13.4,13.4,12.8,12.9,7823539,13.4
2018-03-05,12.9,13.0,12.5,12.6,4617099,12.9
2018-03-06,12.6,12.8,12.2,12.8,4091027,12.6
2018-03-07,12.8,13.0,12.5,12.6,3337496,12.8
2018-03-08,12.7,12.7,12.4,12.6,2782702,12.6
2018-03-11,12.6,12.7,12.4,12.4,1953146,12.6
2018-03-12,12.5,12.5,12.1,12.2,2067911,12.4
2018-03-13,12.3,12.3,11.8,11.9,3074172,12.2
2018-03-14,11.9,12.1,11.7,11.8,2852823,11.9
2018-03-15,11.8,12.3,11.7,12.1,1864937,11.8
2018-03-18,12.2,12.2,11.8,11.9,2398956,12.1
2018-03-19,11.9,11.9,11.6,11.7,1915029,11.9
2018-03-20,11.7,11.8,11.5,11.5,1338348,11.7
2018-03-21,11.6,11.6,11.1,11.2,2436593,11.5
2018-03-22,11.2,11.5,11.0,11.4,4630045,11.2
2018-03-25,11.4,11.6,11.2,11.2,1829170,11.4
2018-03-27,11.2,11.2,10.7,10.8,3205359,11.2
2018-03-28,10.9,11.1,10.7,11.0,3514789,10.8
2018-03-29,11.0,11.5,11.0,11.3,3709263,11.0
2018-04-01,11.4,12.1,11.4,12.0,5853092,11.3
2018-04-02,12.1,12.4,11.8,12.2,6570365,12.0
2018-04-03,12.3,12.3,11.8,11.9,4158007,12.2
2018-04-04,12.0,12.1,11.7,11.8,2982477,11.9
2018-04-05,11.9,12.2,11.6,12.1,6609608,11.8
2018-04-08,12.2,13.3,12.2,13.3,17283754,12.1
2018-04-09,13.4,13.7,13.1,13.3,9160748,13.3
2018-04-10,13.3,13.8,13.2,13.3,12570054,13.3
2018-04-11,13.5,13.6,13.0,13.1,5901158,13.3
2018-04-12,13.2,13.2,12.7,12.8,6111237,13.1
2018-04-15,12.9,13.0,12.3,12.4,3088278,12.8
2018-04-16,12.5,12.9,12.3,12.7,3751701,12.4
2018-04-17,12.7,13.1,12.7,12.8,3196205,12.7
2018-04-18,12.9,13.0,12.5,12.6,2995655,12.8
2018-04-19,12.7,12.7,12.4,12.4,2402784,12.6
2018-04-22,12.5,12.7,12.2,12.3,2479763,12.4
2018-04-23,12.3,12.4,11.8,12.0,2515755,12.3
2018-04-24,12.0,12.2,11.9,11.9,1956674,12.0
2018-04-25,12.0,12.0,11.7,11.8,1920346,11.9
2018-04-26,11.9,12.3,11.8,12.0,1854075,11.8
2018-04-30,12.1,12.2,11.7,11.8,2192121,12.0
2018-05-03,11.9,12.8,11.8,12.2,4388395,11.8
2018-05-06,12.3,13.0,12.3,12.9,6887814,12.2
2018-05-07,12.9,13.1,12.6,12.7,3086883,12.9
2018-05-08,12.8,12.8,12.3,12.3,2991027,12.7
2018-05-09,12.4,12.6,12.3,12.5,2550191,12.3
2018-05-10,12.6,12.8,12.4,12.4,2813581,12.5
2018-05-13,12.5,12.6,12.3,12.3,1395891,12.4
2018-05-14,12.4,12.5,12.2,12.3,1975882,12.3
2018-05-15,12.4,12.5,12.1,12.2,1885820,12.3
2018-05-16,12.3,12.4,12.0,12.1,1961822,12.2
2018-05-17,12.1,12.2,11.8,11.9,1875114,12.1
2018-05-20,12.0,12.1,11.7,11.8,1613375,11.9
2018-05-21,11.8,12.1,11.7,11.9,2367175,11.8
2018-05-22,12.1,12.2,11.8,12.0,2598348,11.9
2018-05-23,12.0,12.0,11.7,11.8,1627843,12.0
2018-05-24,11.8,12.1,11.7,12.0,2393275,11.8
2018-05-27,12.0,12.3,11.9,12.0,1879233,12.0
2018-05-28,12.1,12.1,11.7,11.8,1360751,12.0
2018-05-29,11.9,12.0,11.8,11.9,1612205,11.8
2018-05-30,12.0,12.7,12.0,12.3,7740075,11.9
2018-05-31,12.3,12.3,12.0,12.0,2576596,12.3
2018-06-03,12.1,12.7,12.0,12.6,7761445,12.0
2018-06-04,12.7,12.8,12.3,12.4,3608895,12.6
2018-06-05,12.4,12.5,12.2,12.2,1918275,12.4
2018-06-06,12.3,12.4,12.0,12.0,2621382,12.2
2018-06-07,12.1,12.5,12.1,12.2,4257024,12.0
2018-06-10,12.3,12.4,12.0,12.1,1447995,12.2
2018-06-11,12.2,12.3,12.0,12.1,2326033,12.1
2018-06-12,12.1,12.3,12.1,12.1,1142488,12.1
2018-06-18,12.2,12.4,12.1,12.2,2137165,12.1
2018-06-19,12.3,12.3,12.1,12.2,2248363,12.2
2018-06-20,12.2,12.6,12.2,12.4,4023753,12.2
2018-06-21,12.6,12.7,12.2,12.3,3365146,12.4
2018-06-24,12.4,12.5,12.2,12.3,2999332,12.3
2018-06-25,12.3,12.5,12.0,12.1,3336126,12.3
2018-06-26,12.1,12.2,11.9,11.9,2286215,12.1
2018-06-27,11.9,12.2,11.8,11.9,3661168,11.9
2018-06-28,12.0,12.0,11.7,11.7,2581465,11.9
2018-07-02,11.8,12.1,11.4,11.7,3707337,11.7
2018-07-03,11.9,12.0,11.6,11.7,1709789,11.7
2018-07-04,11.8,12.3,11.7,12.1,4150666,11.7
2018-07-05,12.2,12.4,12.1,12.2,4467454,12.1
2018-07-08,12.2,13.3,12.2,12.8,15162178,12.2
2018-07-09,13.0,13.4,12.8,13.0,7739459,12.8
2018-07-10,13.1,13.4,12.8,13.0,9847261,13.0
2018-07-11,13.1,13.4,12.6,12.7,7509704,13.0
2018-07-12,12.8,12.9,12.4,12.5,3846328,12.7
2018-07-15,12.6,12.6,12.0,12.1,4656863,12.5
2018-07-16,12.1,12.3,12.0,12.0,2468572,12.1
2018-07-17,12.1,12.2,11.9,11.9,1865035,12.0
2018-07-18,12.0,12.0,11.8,11.8,2346799,11.9
2018-07-19,12.0,12.3,11.9,12.1,2884349,11.8
2018-07-22,12.1,12.4,12.1,12.3,2688755,12.1
2018-07-23,12.3,12.5,12.0,12.1,2411526,12.3
2018-07-24,12.1,12.2,11.9,12.0,2182094,12.1
2018-07-25,12.0,12.3,12.0,12.0,2973413,12.0
2018-07-26,12.2,12.5,12.1,12.4,4715565,12.0
2018-07-29,12.4,12.8,12.3,12.4,3600051,12.4
2018-07-30,12.4,12.4,12.0,12.1,1863095,12.4
2018-07-31,12.2,12.4,12.1,12.3,1957351,12.1
2018-08-01,12.4,12.5,12.2,12.2,2472823,12.3
2018-08-02,12.3,12.7,12.2,12.6,4775907,12.2
2018-08-05,12.7,13.2,12.6,12.9,10107478,12.6
2018-08-06,13.0,13.4,12.9,13.0,8263212,12.9
2018-08-07,12.9,13.1,12.7,12.7,3920150,13.0
2018-08-08,12.7,13.1,12.5,12.6,4258401,12.7
2018-08-09,12.7,12.7,12.4,12.5,3236684,12.6
2018-08-12,12.6,12.9,12.4,12.5,2286454,12.5
2018-08-13,12.6,12.6,12.2,12.3,3215246,12.5
2018-08-14,12.3,12.5,12.2,12.3,1339340,12.3
2018-08-16,12.3,12.5,12.2,12.3,1382796,12.3
2018-08-19,12.3,12.4,12.2,12.2,2316227,12.3
2018-08-20,12.2,12.4,12.2,12.3,861931,12.2
2018-08-26,12.3,12.4,12.2,12.3,711064,12.3
2018-08-27,12.4,12.6,12.4,12.5,1193336,12.3
2018-08-28,12.5,12.6,12.3,12.4,1037836,12.5
2018-08-29,12.4,12.5,12.2,12.3,1611547,12.4
2018-08-30,12.4,12.6,12.3,12.5,2807024,12.3
2018-09-03,12.5,12.6,12.3,12.3,1390521,12.5
2018-09-04,12.4,12.4,12.2,12.3,1939687,12.3
2018-09-05,12.4,12.4,12.1,12.2,2556955,12.3
2018-09-06,12.2,12.3,12.1,12.1,1655661,12.2
2018-09-09,12.2,12.2,12.1,12.1,1267776,12.1
2018-09-10,12.1,12.2,12.0,12.0,1927636,12.1
2018-09-11,12.1,12.2,12.0,12.0,1384166,12.0
2018-09-12,12.1,12.1,11.9,11.9,2530580,12.0
2018-09-13,12.0,12.0,11.8,11.8,1969301,11.9
2018-09-16,11.9,12.0,11.8,11.8,780377,11.8
2018-09-17,11.8,12.0,11.7,11.8,911735,11.8
2018-09-18,11.9,12.0,11.8,11.9,1147418,11.8
2018-09-19,11.9,12.2,11.9,11.9,1451037,11.9
2018-09-20,12.0,12.0,11.7,11.9,1364827,11.9
2018-09-23,11.9,11.9,11.6,11.6,1076324,11.9
2018-09-24,11.6,11.6,11.2,11.3,974310,11.6
2018-09-25,11.3,11.4,10.9,11.0,1165621,11.3
2018-09-26,11.2,11.2,10.8,10.9,730115,11.0
2018-09-27,11.0,11.0,10.6,10.7,942155,10.9
2018-09-30,10.7,11.6,10.6,11.1,1504452,10.7
2018-10-01,11.2,11.5,11.1,11.2,1261812,11.1
2018-10-02,11.3,11.4,11.1,11.2,747999,11.2
2018-10-03,11.3,11.3,11.1,11.2,640936,11.2
2018-10-04,11.2,11.2,10.9,11.0,1169105,11.2
2018-10-07,11.1,11.1,10.9,11.0,734652,11.0
2018-10-08,11.0,11.5,11.0,11.2,1453392,11.0
2018-10-09,11.3,11.4,11.0,11.1,1051766,11.2
2018-10-10,11.3,11.3,10.8,10.9,1354033,11.1
2018-10-11,10.9,11.1,10.8,10.9,560722,10.9
2018-10-14,10.9,11.0,10.8,10.8,824231,10.9
2018-10-15,10.9,10.9,10.7,10.7,602846,10.8
2018-10-16,10.8,10.9,10.7,10.7,485623,10.7
2018-10-17,10.8,10.8,10.6,10.7,245713,10.7
2018-10-18,10.8,10.8,10.6,10.6,486514,10.7
2018-10-21,10.6,10.7,10.4,10.5,610850,10.6
2018-10-22,10.5,10.5,10.1,10.2,900393,10.5
2018-10-23,10.4,10.4,10.1,10.1,829944,10.2
2018-10-24,10.2,10.3,10.1,10.2,619310,10.1
2018-10-25,10.2,10.3,10.1,10.1,623086,10.2
2018-10-28,10.1,10.5,10.1,10.2,885065,10.1
2018-10-29,10.3,10.5,10.1,10.4,1414259,10.2
2018-10-30,10.5,10.8,10.4,10.7,1643630,10.4
2018-10-31,10.8,10.8,10.4,10.5,883271,10.7
2018-11-01,10.5,10.6,10.3,10.4,656254,10.5
2018-11-04,10.5,10.7,10.4,10.4,796291,10.4
2018-11-05,10.5,10.6,10.3,10.4,1322025,10.4
2018-11-06,10.4,10.5,10.1,10.2,728150,10.4
2018-11-07,10.3,10.3,10.1,10.1,883212,10.2
2018-11-08,10.1,10.3,10.1,10.2,805410,10.1
2018-11-11,10.3,10.4,10.2,10.2,777661,10.2
2018-11-12,10.4,10.4,10.1,10.2,675484,10.2
2018-11-13,10.2,10.3,10.0,10.1,912056,10.2
2018-11-14,10.2,10.2,9.9,10.0,1015893,10.1
2018-11-15,10.1,10.2,9.9,10.1,1108445,10.0
2018-11-18,0.0,0.0,0.0,10.1,0,10.1
2018-11-19,9.5,9.6,9.1,9.2,1667789,10.1
2018-11-20,9.2,9.2,8.8,8.9,1357775,9.2
2018-11-22,9.0,9.0,8.7,8.7,941297,8.9
2018-11-25,8.8,8.9,8.5,8.5,751160,8.7
2018-11-26,8.5,8.7,8.5,8.5,594447,8.5
2018-11-27,8.6,9.0,8.5,8.8,903046,8.5
2018-11-28,8.8,8.9,8.6,8.7,475828,8.8
2018-11-29,8.7,8.7,8.5,8.6,604388,8.7
2018-12-02,8.7,9.4,8.6,9.3,3793478,8.6
2018-12-03,9.3,9.6,9.1,9.2,1590449,9.3
2018-12-04,9.2,9.8,9.1,9.7,3220991,9.2
2018-12-05,9.8,10.4,9.8,10.1,3979384,9.7
2018-12-06,10.1,10.2,9.7,9.8,1730991,10.1
2018-12-09,9.8,9.9,9.0,9.1,2121370,9.8
2018-12-10,9.1,9.9,9.0,9.4,1538600,9.1
2018-12-11,9.4,9.4,9.1,9.2,726328,9.4
2018-12-12,9.3,9.5,9.2,9.3,532473,9.2
2018-12-13,9.3,9.5,9.2,9.3,845649,9.3
2018-12-17,9.2,9.3,9.0,9.1,433146,9.3
2018-12-18,9.2,9.3,9.0,9.1,278573,9.1
2018-12-19,9.1,9.2,9.0,9.1,628166,9.1
2018-12-20,9.0,9.3,9.0,9.1,311046,9.1
2018-12-23,9.2,9.3,9.1,9.1,364136,9.1
2018-12-24,9.1,9.2,9.1,9.2,300645,9.1
2018-12-26,9.2,9.2,9.0,9.2,610285,9.2
2018-12-27,9.2,9.2,9.1,9.1,427365,9.2
2019-01-01,9.2,9.5,9.2,9.5,736630,9.1
2019-01-02,9.6,9.6,9.4,9.5,774595,9.5
2019-01-03,9.5,10.2,9.5,10.1,2747857,9.5
2019-01-06,10.3,11.1,10.1,11.0,6609457,10.1
2019-01-07,11.3,12.1,11.3,12.1,16631194,11.0
2019-01-08,12.3,13.2,12.1,12.9,15196198,12.1
2019-01-09,13.0,13.1,12.2,12.3,9507594,12.9
2019-01-10,12.0,12.6,11.9,12.1,5073796,12.3
2019-01-13,12.3,12.9,12.3,12.4,7955720,12.1
2019-01-14,12.5,12.6,12.1,12.1,4606751,12.4
2019-01-15,12.2,12.3,11.7,11.9,5094404,12.1
2019-01-16,11.8,12.0,11.4,11.5,3279974,11.9
2019-01-17,11.5,11.8,11.3,11.7,3125695,11.5
2019-01-20,11.7,11.8,11.4,11.6,3069164,11.7
2019-01-21,11.6,11.9,11.4,11.5,3194150,11.6
2019-01-22,11.3,11.6,11.2,11.3,2207537,11.5
2019-01-23,11.4,11.4,11.0,11.1,2532767,11.3
2019-01-24,10.9,11.8,10.9,11.6,4624477,11.1
2019-01-27,11.7,12.0,11.4,11.9,4458008,11.6
2019-01-28,12.0,12.2,11.5,11.6,3146252,11.9
2019-01-29,11.6,11.7,11.3,11.5,1925531,11.6
2019-01-30,11.5,11.5,11.3,11.3,1663520,11.5
2019-01-31,11.3,11.4,11.2,11.3,2595175,11.3
2019-02-03,11.4,11.5,11.0,11.1,2058032,11.3
2019-02-04,11.1,11.3,11.1,11.1,1137051,11.1
2019-02-05,11.2,11.3,11.0,11.1,1194962,11.1
2019-02-06,11.1,11.2,10.9,11.0,1148540,11.1
2019-02-07,11.0,11.1,10.8,10.9,1077962,11.0
2019-02-10,10.9,10.9,10.6,10.6,1056170,10.9
2019-02-11,10.7,11.0,10.5,10.9,934271,10.6
2019-02-12,11.0,11.5,11.0,11.4,2762874,10.9
2019-02-13,11.5,11.5,11.0,11.1,1367252,11.4
2019-02-14,11.1,12.1,11.1,12.0,10389593,11.1
2019-02-17,12.0,12.4,11.8,11.9,4466792,12.0
2019-02-18,11.7,12.0,11.4,11.5,4881791,11.9
2019-02-19,11.6,11.8,11.5,11.7,2214979,11.5
2019-02-20,11.8,11.8,11.4,11.5,1573634,11.7
2019-02-24,11.5,11.5,11.1,11.2,2002777,11.5
2019-02-25,11.3,11.4,11.1,11.3,1135264,11.2
2019-02-26,11.3,11.4,11.0,11.1,1140608,11.3
2019-02-27,11.1,11.4,11.0,11.1,2429845,11.1
2019-03-03,11.2,11.3,11.1,11.2,720391,11.1
2019-03-04,11.3,11.3,11.0,11.1,1046764,11.2
2019-03-05,11.1,11.2,10.9,11.0,734839,11.1
2019-03-06,11.1,11.2,10.9,11.0,1023142,11.0
2019-03-07,11.0,11.0,10.9,11.0,534707,11.0
2019-03-10,11.1,11.2,10.9,11.0,496482,11.0
2019-03-11,11.0,11.0,10.8,10.8,602844,11.0
2019-03-12,10.9,10.9,10.5,10.6,966693,10.8
2019-03-13,10.7,10.7,10.2,10.3,1039039,10.6
2019-03-14,10.3,10.3,9.8,9.9,1128850,10.3
2019-03-18,10.0,10.0,9.6,9.8,538601,9.9
2019-03-19,9.8,10.1,9.6,10.0,1010877,9.8
2019-03-20,10.0,10.1,9.8,9.9,577429,10.0
2019-03-21,9.9,9.9,9.7,9.8,370421,9.9
2019-03-24,9.8,9.8,9.6,9.7,571372,9.8
2019-03-25,9.7,9.8,9.6,9.7,776712,9.7
2019-03-27,9.8,9.9,9.7,9.8,332983,9.7
2019-03-28,9.8,9.9,9.6,9.7,801917,9.8
2019-03-31,9.8,9.9,9.7,9.7,412498,9.7
2019-04-01,9.7,9.9,9.6,9.8,902701,9.7
2019-04-02,9.8,10.2,9.7,10.0,1078405,9.8
2019-04-03,10.1,10.2,9.7,9.7,936348,10.0
2019-04-04,9.8,9.8,9.7,9.7,398715,9.7
2019-04-07,9.7,9.9,9.6,9.6,679050,9.7
2019-04-08,9.6,9.6,9.2,9.2,854453,9.6
2019-04-09,9.3,9.4,9.1,9.2,600834,9.2
2019-04-10,9.3,9.4,8.8,8.9,984143,9.2
2019-04-11,8.9,9.2,8.9,9.1,953302,8.9
2019-04-15,9.2,9.3,8.9,8.9,502544,9.1
2019-04-16,9.0,9.0,8.7,8.8,886491,8.9
2019-04-17,8.9,9.0,8.7,8.8,528190,8.8
2019-04-18,8.8,9.3,8.8,9.2,1131798,8.8
2019-04-21,9.5,9.5,9.1,9.2,704822,9.2
2019-04-23,9.0,9.1,8.8,8.9,754321,9.2
2019-04-24,8.9,8.9,8.8,8.9,840437,8.9
2019-04-25,8.9,9.0,8.8,8.9,941411,8.9
2019-04-28,9.0,9.0,8.8,8.8,672106,8.9
2019-04-29,8.9,8.9,8.7,8.7,496756,8.8
2019-04-30,8.8,9.1,8.8,8.9,918875,8.7
2019-05-02,9.0,9.7,9.0,9.7,1728600,8.9
2019-05-05,9.9,10.2,9.8,10.0,2186229,9.7
2019-05-06,10.0,10.0,9.6,9.7,1140026,10.0
2019-05-07,9.7,9.8,9.4,9.4,919594,9.7
2019-05-08,9.5,9.5,9.2,9.4,821521,9.4
2019-05-09,9.4,9.7,9.3,9.6,921021,9.4
2019-05-12,9.7,10.3,9.6,10.0,2817549,9.6
2019-05-13,10.1,10.1,9.7,9.8,825474,10.0
2019-05-14,9.8,9.8,9.5,9.7,628087,9.8
2019-05-15,9.8,9.8,9.5,9.6,509807,9.7
2019-05-16,9.7,9.9,9.6,9.9,881668,9.6
2019-05-19,9.8,10.2,9.8,10.0,1637243,9.9
2019-05-20,10.0,10.0,9.7,9.8,714873,10.0
2019-05-21,9.7,9.8,9.7,9.7,650850,9.8
2019-05-22,9.8,9.8,9.6,9.7,541212,9.7
2019-05-23,9.8,9.8,9.6,9.7,447239,9.7
2019-05-26,9.8,9.8,9.5,9.6,545067,9.7
2019-05-27,9.6,9.7,9.5,9.5,781194,9.6
2019-05-28,9.6,9.8,9.6,9.7,381765,9.5
2019-05-29,9.7,9.8,9.6,9.7,679806,9.7
2019-05-30,9.8,9.8,9.6,9.7,436678,9.7
2019-06-09,9.8,9.8,9.6,9.7,555142,9.7
2019-06-10,9.7,10.3,9.7,10.0,2312851,9.7
2019-06-11,10.0,10.2,9.9,10.0,1088364,10.0
2019-06-12,10.0,10.0,9.7,9.9,1097772,10.0
2019-06-13,9.9,10.2,9.8,10.1,2012579,9.9
2019-06-16,10.2,10.4,10.0,10.1,2615186,10.1
2019-06-17,10.1,10.1,9.8,10.0,1415062,10.1
2019-06-18,10.0,10.5,9.9,10.3,3926491,10.0
2019-06-19,10.4,10.4,10.0,10.1,1574973,10.3
2019-06-20,10.1,10.3,10.0,10.1,1234361,10.1
2019-06-23,10.1,10.1,9.9,10.0,611024,10.1
2019-06-24,10.0,10.1,9.9,10.0,769762,10.0
2019-06-25,10.1,10.1,9.9,10.0,652577,10.0
2019-06-26,10.0,10.1,9.9,10.0,641505,10.0
2019-06-27,10.0,10.1,10.0,10.0,1016272,10.0
2019-06-30,10.1,10.5,10.0,10.4,4160777,10.0
2019-07-02,10.4,10.5,10.3,10.3,2256971,10.4
2019-07-03,10.3,10.4,10.1,10.2,1653978,10.3
2019-07-04,10.2,10.4,10.2,10.2,1576002,10.2
2019-07-07,10.2,10.2,10.0,10.0,1130319,10.2
2019-07-08,10.1,10.2,10.0,10.1,954901,10.0
2019-07-09,10.1,10.2,10.0,10.0,1333912,10.1
2019-07-10,10.1,10.2,9.9,9.9,1682385,10.0
2019-07-11,9.9,10.0,9.7,9.7,770971,9.9
2019-07-14,9.7,9.9,9.6,9.6,954831,9.7
2019-07-15,9.7,9.8,9.3,9.4,929824,9.6
2019-07-16,9.4,9.7,9.4,9.5,612158,9.4
2019-07-17,9.6,9.7,9.5,9.6,345959,9.5
2019-07-18,9.6,9.8,9.5,9.6,989478,9.6
2019-07-21,9.5,9.7,8.9,9.0,1165333,9.6
2019-07-22,8.9,9.2,8.4,8.7,1105319,9.0
2019-07-23,8.8,9.2,8.8,9.1,1116692,8.7
2019-07-24,9.1,9.1,8.9,9.0,776799,9.1
2019-07-25,9.0,9.2,8.9,9.2,769371,9.0
2019-07-28,9.2,9.2,9.0,9.0,437579,9.2
2019-07-29,9.1,9.3,9.0,9.3,642852,9.0
2019-07-30,9.3,9.4,9.0,9.1,491569,9.3
2019-07-31,9.1,9.1,8.9,9.0,559448,9.1
2019-08-01,9.0,9.2,8.9,9.0,767033,9.0
2019-08-04,9.0,9.3,9.0,9.1,994649,9.0
2019-08-05,9.1,9.2,9.0,9.0,642192,9.1
2019-08-06,9.1,9.3,9.0,9.2,1187945,9.0
2019-08-07,9.2,9.3,9.0,9.1,463773,9.2
2019-08-08,9.1,9.2,9.0,9.1,186169,9.1
2019-08-18,9.1,9.2,9.0,9.0,538506,9.1
2019-08-19,9.0,9.2,9.0,9.1,472060,9.0
2019-08-20,9.2,9.2,9.1,9.1,519060,9.1
2019-08-21,9.2,9.6,9.2,9.4,2170957,9.1
2019-08-22,9.5,9.6,9.3,9.3,1325464,9.4
2019-08-25,9.4,9.4,9.2,9.2,706501,9.3
2019-08-26,9.1,9.2,9.0,9.1,820624,9.2
2019-08-27,9.2,9.2,8.9,9.0,1337919,9.1
2019-08-28,9.0,9.0,8.7,8.8,2202598,9.0
2019-08-29,8.8,8.9,8.7,8.8,819117,8.8
2019-09-01,8.8,8.9,8.6,8.7,1149053,8.8
2019-09-02,8.7,8.7,8.4,8.4,1692617,8.7
2019-09-03,8.5,8.6,8.4,8.5,793658,8.4
2019-09-04,8.6,8.7,8.5,8.6,749360,8.5
2019-09-05,8.6,8.7,8.5,8.6,454161,8.6
2019-09-08,8.7,8.7,8.4,8.5,526573,8.6
2019-09-09,8.5,8.5,8.3,8.3,789637,8.5
2019-09-11,8.4,8.5,8.1,8.2,639897,8.3
2019-09-12,8.2,8.3,8.0,8.1,618292,8.2
2019-09-15,8.1,8.2,8.0,8.0,545138,8.1
2019-09-16,8.1,8.2,8.1,8.1,454341,8.0
2019-09-17,8.2,8.3,8.0,8.0,766305,8.1
2019-09-18,8.1,8.1,7.9,7.9,398088,8.0
2019-09-19,8.0,8.1,7.8,7.9,864626,7.9
2019-09-22,7.9,8.0,7.8,7.9,226177,7.9
2019-09-23,8.0,8.1,8.0,8.0,543816,7.9
2019-09-24,8.1,8.2,7.9,7.9,603771,8.0
2019-09-25,8.0,8.0,7.8,8.0,400767,7.9
2019-09-26,8.0,8.1,7.8,7.9,302684,8.0
2019-09-29,7.9,8.0,7.7,7.8,437373,7.9
2019-09-30,7.8,7.8,7.4,7.5,837619,7.8
2019-10-01,7.5,7.9,7.5,7.8,506748,7.5
2019-10-02,7.8,7.8,7.6,7.6,195245,7.8
2019-10-03,7.7,7.7,7.5,7.6,431047,7.6
2019-10-06,7.7,8.0,7.6,7.7,594850,7.6
2019-10-07,7.8,7.8,7.6,7.6,402897,7.7
2019-10-09,7.6,7.7,7.4,7.4,611202,7.6
2019-10-10,7.4,7.5,7.2,7.3,581901,7.4
2019-10-13,7.3,7.4,6.9,7.0,677611,7.3
2019-10-14,7.0,7.0,6.7,6.8,500261,7.0
2019-10-15,6.9,7.3,6.9,7.2,601513,6.8
2019-10-16,7.3,7.3,6.9,7.0,672324,7.2
2019-10-17,7.0,7.0,6.8,6.9,399148,7.0
2019-10-20,6.9,7.0,6.8,6.9,280500,6.9
2019-10-21,6.9,7.0,6.6,6.7,650439,6.9
2019-10-22,6.6,6.7,6.4,6.4,1007040,6.7
2019-10-23,6.4,6.6,6.3,6.4,902520,6.4
2019-10-24,6.4,6.9,6.3,6.7,702939,6.4
2019-10-27,6.8,6.9,6.5,6.6,769966,6.7
2019-10-28,6.6,6.6,6.0,6.1,1823361,6.6
2019-10-29,6.7,7.6,6.7,7.4,5082133,6.1
2019-10-30,7.4,7.5,7.1,7.3,1507943,7.4
2019-10-31,7.3,8.0,7.2,7.9,3533808,7.3
2019-11-03,7.9,8.3,7.9,8.3,2631685,7.9
2019-11-04,8.3,8.3,7.8,7.9,1976449,8.3
2019-11-05,7.9,8.2,7.9,8.1,1708891,7.9
2019-11-06,8.1,8.3,8.1,8.2,2917161,8.1
2019-11-07,8.2,8.3,8.1,8.2,1516337,8.2
2019-11-11,8.2,8.3,8.0,8.1,950948,8.2
2019-11-12,8.1,8.1,7.7,7.8,2984039,8.1
2019-11-13,7.9,7.9,7.5,7.6,1536096,7.8
2019-11-14,7.6,7.7,7.4,7.6,1317867,7.6
2019-11-17,7.6,7.7,7.5,7.6,1076818,7.6
2019-11-18,7.6,7.7,7.5,7.6,1360955,7.6
2019-11-19,7.6,7.6,7.4,7.5,1177957,7.6
2019-11-20,0.0,0.0,0.0,7.5,0,7.5
2019-11-21,7.0,7.0,6.7,6.8,1819442,7.5
2019-11-24,6.9,6.9,6.6,6.7,1374080,6.8
2019-11-25,6.8,7.0,6.7,6.9,1202251,6.7
2019-11-26,7.0,7.4,6.9,7.3,3384932,6.9
2019-11-27,7.4,7.4,6.9,7.0,2532509,7.3
2019-11-28,7.0,7.7,6.9,7.7,8917843,7.0
2019-12-01,7.9,8.3,7.8,8.1,4844484,7.7
2019-12-02,8.1,8.1,7.6,7.7,5189763,8.1
2019-12-03,7.8,8.0,7.5,7.8,2700523,7.7
2019-12-04,7.8,8.2,7.7,7.9,4767119,7.8
2019-12-05,8.0,8.0,7.7,7.8,2370118,7.9
2019-12-08,7.8,7.8,7.3,7.4,2491757,7.8
2019-12-09,7.5,7.6,7.2,7.3,1345575,7.4
2019-12-10,7.4,7.5,7.1,7.2,1642811,7.3
2019-12-11,7.3,7.4,7.1,7.2,1427029,7.2
2019-12-12,7.3,7.3,7.1,7.2,1008506,7.2
2019-12-15,7.3,7.4,7.0,7.0,1365308,7.2
2019-12-17,7.1,7.2,6.9,6.9,1382105,7.0
2019-12-18,6.9,7.2,6.8,7.1,1200126,6.9
2019-12-19,7.2,7.4,7.2,7.3,1600525,7.1
2019-12-22,7.2,7.3,7.0,7.1,1769150,7.3
2019-12-23,7.0,7.1,6.7,6.8,3017391,7.1
2019-12-24,6.8,6.9,6.7,6.8,1506057,6.8
2019-12-26,6.8,7.0,6.8,6.8,891048,6.8
2019-12-29,6.9,7.0,6.8,6.9,1128134,6.8
2019-12-30,6.9,7.1,6.8,6.9,1211107,6.9
2020-01-01,7.0,7.1,6.9,7.0,756416,6.9
2020-01-02,7.1,7.2,7.0,7.1,1139499,7.0
2020-01-05,7.1,7.1,6.8,6.8,1223739,7.1
2020-01-06,6.8,7.0,6.7,6.8,1099718,6.8
2020-01-07,6.8,6.9,6.7,6.7,668458,6.8
2020-01-08,6.7,6.8,6.5,6.6,1145688,6.7
2020-01-09,6.7,6.8,6.5,6.7,587620,6.6
2020-01-12,6.7,6.8,6.6,6.7,421902,6.7
2020-01-13,6.7,6.7,6.3,6.4,992356,6.7
2020-01-14,6.4,6.5,6.1,6.3,1086573,6.4
2020-01-15,6.4,6.5,6.3,6.3,504279,6.3
2020-01-16,6.3,6.3,6.1,6.2,797637,6.3
2020-01-19,6.4,6.6,6.3,6.5,1534328,6.2
2020-01-20,6.6,6.7,6.4,6.5,943430,6.5
2020-01-21,6.5,6.5,6.3,6.3,750296,6.5
2020-01-22,6.4,6.5,6.3,6.4,733334,6.3
2020-01-23,6.4,6.5,6.3,6.5,981225,6.4
2020-01-26,6.6,6.9,6.4,6.8,2183863,6.5
2020-01-27,6.8,6.8,6.5,6.6,1304055,6.8
2020-01-28,6.6,6.6,6.4,6.5,1314518,6.6
2020-01-29,6.5,6.6,6.4,6.5,798171,6.5
2020-01-30,6.4,6.5,6.4,6.5,961560,6.5
2020-02-02,6.5,6.6,6.4,6.5,1231499,6.5
2020-02-03,6.5,6.8,6.5,6.8,2256884,6.5
2020-02-04,6.8,7.0,6.7,6.8,2059814,6.8
2020-02-05,6.8,6.9,6.6,6.6,907609,6.8
2020-02-06,6.7,6.7,6.5,6.5,877342,6.6
2020-02-09,6.5,6.7,6.5,6.5,1016512,6.5
2020-02-10,6.6,6.6,6.4,6.5,659639,6.5
2020-02-11,6.5,6.8,6.5,6.7,1227014,6.5
2020-02-12,6.8,7.0,6.7,6.8,2814637,6.7
2020-02-13,6.8,7.2,6.8,7.1,3699602,6.8
2020-02-16,7.2,7.6,7.1,7.5,3873092,7.1
2020-02-17,7.6,7.9,7.5,7.9,7378237,7.5
2020-02-18,7.9,8.3,7.8,7.9,8494008,7.9
2020-02-19,7.8,8.0,7.5,7.8,6883708,7.9
2020-02-20,7.9,8.1,7.6,7.8,5169505,7.8
2020-02-23,7.8,7.8,7.4,7.4,3279534,7.8
2020-02-24,7.5,7.6,7.2,7.5,1797509,7.4
2020-02-25,7.5,7.8,7.5,7.6,2289648,7.5
2020-02-26,7.6,8.0,7.6,7.7,3324050,7.6
2020-02-27,7.8,7.8,7.5,7.6,2436035,7.7
2020-03-01,7.5,7.6,7.1,7.2,2789213,7.6
2020-03-02,7.2,7.7,7.1,7.4,3078339,7.2
2020-03-03,7.5,8.1,7.5,8.1,9959917,7.4
2020-03-04,8.2,8.6,7.9,8.0,7430492,8.1
2020-03-05,7.9,8.1,7.6,7.8,4247092,8.0
2020-03-08,7.8,7.9,7.4,7.4,2782666,7.8
2020-03-09,7.4,7.4,6.7,6.7,3736803,7.4
2020-03-10,6.8,7.2,6.7,7.2,2114542,6.7
2020-03-11,7.2,7.5,7.0,7.1,3082727,7.2
2020-03-12,7.1,7.2,6.7,6.8,2407641,7.1
2020-03-15,6.8,6.8,6.2,6.5,2529199,6.8
2020-03-16,6.6,6.8,5.9,6.1,2395819,6.5
2020-03-18,6.3,6.6,5.7,5.9,2684275,6.1
2020-03-19,6.6,6.6,6.6,6.6,38310,5.9
2020-03-22,6.5,6.5,6.5,6.5,119458,6.6
2020-03-23,6.5,6.5,6.5,6.5,289517,6.5
2020-03-24,6.5,6.5,6.5,6.5,66970,6.5
2020-03-25,6.5,6.5,6.5,6.5,150131,6.5
2020-05-31,6.5,6.5,6.5,6.5,62014,6.5
2020-06-01,6.5,6.5,6.5,6.5,3410,6.5
2020-06-02,6.5,6.5,6.5,6.5,129,6.5
2020-06-03,6.5,6.5,6.5,6.5,301,6.5
2020-06-04,6.5,6.5,6.5,6.5,1310,6.5
2020-06-07,6.5,6.5,6.5,6.5,521,6.5
2020-06-08,6.5,6.5,6.5,6.5,1106,6.5
2020-06-09,6.5,6.5,6.5,6.5,500,6.5
2020-06-10,6.5,6.5,6.5,6.5,10,6.5
2020-06-11,6.5,6.5,6.5,6.5,11,6.5
2020-06-14,6.5,6.5,6.5,6.5,113424,6.5
2020-06-15,6.5,6.5,6.5,6.5,3910,6.5
2020-06-16,6.5,6.5,6.5,6.5,2450,6.5
2020-06-17,6.5,6.5,6.5,6.5,3000,6.5
2020-06-18,0.0,0.0,0.0,6.5,0,6.5
2020-06-21,6.5,6.5,6.5,6.5,1820,6.5
2020-06-22,6.5,6.5,6.5,6.5,16132,6.5
2020-06-23,6.5,6.5,6.5,6.5,4004,6.5
2020-06-24,6.5,6.5,6.5,6.5,1880,6.5
2020-06-25,6.5,6.5,6.5,6.5,1700,6.5
2020-06-28,6.5,6.5,6.5,6.5,12449,6.5
2020-06-29,6.5,6.5,6.5,6.5,16948,6.5
2020-06-30,6.5,6.5,6.5,6.5,4486,6.5
2020-07-02,6.5,6.5,6.5,6.5,6137,6.5
2020-07-05,6.5,6.5,6.5,6.5,1781,6.5
2020-07-06,6.5,6.5,6.5,6.5,904,6.5
2020-07-07,6.5,6.5,6.5,6.5,12828,6.5
2020-07-08,6.5,6.5,6.5,6.5,34064,6.5
2020-07-09,6.5,6.5,6.5,6.5,71208,6.5
2020-07-12,6.5,6.5,6.5,6.5,22056,6.5
2020-07-13,6.5,6.5,6.5,6.5,72249,6.5
2020-07-14,6.5,6.5,6.5,6.5,51388,6.5
2020-07-15,6.5,6.5,6.5,6.5,5596,6.5
2020-07-16,6.5,6.5,6.5,6.5,6929,6.5
2020-07-19,6.5,6.5,6.5,6.5,2061,6.5
2020-07-20,6.5,6.5,6.5,6.5,3062,6.5
2020-07-21,6.5,6.5,6.5,6.5,4596,6.5
2020-07-22,6.5,6.5,6.5,6.5,16468,6.5
2020-07-23,6.5,6.5,6.5,6.5,17142,6.5
2020-07-26,6.5,6.5,6.5,6.5,18007,6.5
2020-07-27,6.5,6.5,6.5,6.5,24123,6.5
2020-07-28,6.5,6.5,6.5,6.5,2020,6.5
2020-07-29,6.5,6.5,6.5,6.5,36940,6.5
2020-07-30,6.5,6.9,6.5,6.7,3471152,6.5
2020-08-03,6.7,7.1,6.7,7.0,1568334,6.7
2020-08-04,7.0,7.0,6.7,6.7,1725623,7.0
2020-08-05,6.7,6.8,6.5,6.6,2448779,6.7
2020-08-06,6.6,6.9,6.5,6.8,2610065,6.6
2020-08-09,6.8,7.3,6.8,7.2,5201247,6.8
2020-08-10,7.2,7.4,7.0,7.1,2649046,7.2
2020-08-12,7.1,7.2,6.9,7.0,2664417,7.1
2020-08-13,7.1,7.3,7.0,7.2,2906802,7.0
2020-08-16,7.3,7.9,7.2,7.9,5064743,7.2
2020-08-17,8.1,8.3,7.6,7.7,4194167,7.9
2020-08-18,7.7,7.8,7.3,7.4,2544877,7.7
2020-08-19,7.5,7.7,7.3,7.4,1794760,7.4
2020-08-20,7.4,7.5,7.1,7.3,3124294,7.4
2020-08-23,7.4,7.9,7.4,7.6,2726067,7.3
2020-08-24,7.6,7.6,7.2,7.3,2056584,7.6
2020-08-25,7.4,7.5,7.2,7.3,1377099,7.3
2020-08-26,7.3,7.4,7.2,7.2,1265070,7.3
2020-08-27,7.3,7.3,7.0,7.1,2574933,7.2
2020-08-31,7.2,7.3,7.1,7.2,1503970,7.1
2020-09-01,7.2,7.5,7.1,7.3,2432709,7.2
2020-09-02,7.4,7.4,7.2,7.2,1191089,7.3
2020-09-03,7.3,7.7,7.2,7.5,2755175,7.2
2020-09-06,7.6,7.9,7.6,7.8,3574571,7.5
2020-09-07,7.9,7.9,7.5,7.6,2198684,7.8
2020-09-08,7.7,7.7,7.4,7.6,3356979,7.6
2020-09-09,7.6,8.0,7.6,7.7,3426693,7.6
2020-09-10,7.7,7.8,7.6,7.7,1909115,7.7
2020-09-13,7.8,8.4,7.7,8.3,9725605,7.7
2020-09-14,8.4,8.5,8.1,8.2,4751529,8.3
2020-09-15,8.1,8.2,7.9,7.9,3385166,8.2
2020-09-16,8.0,8.2,7.8,8.0,3137502,7.9
2020-09-17,8.1,8.1,7.8,7.9,2547714,8.0
2020-09-20,8.0,8.4,8.0,8.1,5043675,7.9
2020-09-21,8.2,8.3,7.8,7.9,3981888,8.1
2020-09-22,7.8,7.8,7.6,7.6,2901400,7.9
2020-09-23,7.7,7.9,7.6,7.7,2540207,7.6
2020-09-24,7.7,8.0,7.7,7.8,3260688,7.7
2020-09-27,7.8,8.0,7.8,7.8,1603128,7.8
2020-09-28,7.9,7.9,7.7,7.7,2155625,7.8
2020-09-29,7.8,7.9,7.7,7.7,1575402,7.7
2020-09-30,7.7,7.8,7.5,7.6,1053867,7.7
2020-10-01,7.6,7.8,7.5,7.7,1236140,7.6
2020-10-04,7.7,7.9,7.6,7.7,1472026,7.7
2020-10-05,7.7,7.8,7.5,7.5,1167621,7.7
2020-10-06,7.5,7.8,7.4,7.7,2032757,7.5
2020-10-07,7.8,8.2,7.7,8.2,7394729,7.7
2020-10-08,8.3,8.3,7.8,7.9,3595589,8.2
2020-10-11,8.0,8.0,7.6,7.6,2148302,7.9
2020-10-12,7.7,7.8,7.5,7.7,1998691,7.6
2020-10-13,7.7,7.8,7.6,7.6,1053411,7.7
2020-10-14,7.6,7.8,7.4,7.5,2714786,7.6
2020-10-15,7.5,7.6,7.4,7.5,927066,7.5
2020-10-18,7.6,7.6,7.3,7.4,1090686,7.5
2020-10-19,7.4,7.5,7.2,7.4,1235310,7.4
2020-10-20,7.4,7.6,7.4,7.5,1372398,7.4
2020-10-21,7.5,7.6,7.3,7.4,784781,7.5
2020-10-22,7.4,7.4,7.2,7.3,1219442,7.4
2020-10-25,7.3,7.4,7.1,7.2,1314162,7.3
2020-10-27,7.3,7.3,6.9,7.0,1117136,7.2
2020-10-28,7.0,7.0,6.6,6.7,1490997,7.0
2020-10-29,6.7,6.9,6.6,6.8,1277236,6.7
2020-11-01,6.8,7.0,6.6,6.8,989616,6.8
2020-11-02,7.0,7.0,6.7,6.8,2145368,6.8
2020-11-03,6.8,6.9,6.7,6.8,999618,6.8
2020-11-04,6.8,6.9,6.7,6.7,581703,6.8
2020-11-05,6.7,6.8,6.6,6.7,988542,6.7
2020-11-08,6.7,6.7,6.5,6.6,1634926,6.7
2020-11-09,6.6,6.6,6.5,6.6,1080713,6.6
2020-11-10,6.6,6.6,6.5,6.5,1159955,6.6
2020-11-11,6.6,6.6,6.5,6.5,1442355,6.5
2020-11-12,6.5,6.6,6.5,6.5,744460,6.5
2020-11-15,6.5,6.6,6.5,6.5,1518473,6.5
2020-11-16,6.5,6.6,6.5,6.5,753644,6.5
2020-11-17,6.5,6.6,6.5,6.5,370285,6.5
2020-11-18,6.5,6.5,6.5,6.5,175905,6.5
2020-11-19,6.5,6.5,6.5,6.5,114689,6.5
2020-11-22,6.5,6.5,6.5,6.5,64702,6.5
2020-11-23,6.5,6.5,6.5,6.5,86574,6.5
2020-11-24,6.5,6.5,6.5,6.5,221013,6.5
2020-11-25,6.5,6.5,6.5,6.5,60362,6.5
2020-11-26,6.5,6.5,6.5,6.5,45925,6.5
2020-11-29,6.5,6.5,6.5,6.5,29290,6.5
2020-11-30,6.5,6.5,6.5,6.5,46185,6.5
2020-12-01,6.5,6.5,6.5,6.5,30241,6.5
2020-12-02,6.5,6.8,6.5,6.7,2108701,6.5
2020-12-03,6.8,6.9,6.6,6.7,1351998,6.7
2020-12-06,6.7,6.7,6.6,6.6,894281,6.7
2020-12-07,6.6,6.8,6.6,6.6,1101168,6.6
2020-12-08,6.7,6.8,6.6,6.6,1037805,6.6
2020-12-09,6.6,6.7,6.5,6.7,1245412,6.6
2020-12-10,6.7,6.8,6.6,6.7,1127725,6.7
2020-12-13,6.7,7.2,6.7,7.0,3538149,6.7
2020-12-14,7.1,7.2,6.8,6.9,1480841,7.0
2020-12-15,6.8,7.0,6.8,6.9,1316338,6.9
2020-12-17,7.0,7.0,6.7,6.8,648786,6.9
2020-12-20,6.7,6.8,6.6,6.6,805599,6.8
2020-12-21,6.7,6.8,6.5,6.7,1177536,6.6
2020-12-22,6.7,6.8,6.5,6.6,1051511,6.7
2020-12-23,6.6,6.6,6.5,6.6,1076830,6.6
2020-12-24,6.5,6.7,6.5,6.6,921197,6.6
2020-12-27,6.6,6.7,6.5,6.7,2122051,6.6
2020-12-28,6.7,6.8,6.6,6.8,2126870,6.7
2020-12-29,6.8,7.3,6.8,7.1,5007913,6.8
2020-12-30,7.1,7.5,7.1,7.3,5166139,7.1
